region,total_sales,avg_profit,order_count
central,183440.9134,1.3500394482090965,1107
east,232887.484,11.14784705648369,1322
south,127579.3955,15.620623695345556,771
west,275810.2625,16.219693601979497,1525
